Dosya Adı,Dosya Yolu,Bulunduğu Klasör,Boyut,Son Değiştirilme Tarihi
1024260_application_packet.pdf,C:\Users\default.LAPTOP-OBA1HVU9\Downloads\1024260_application_packet.pdf,C:\Users\default.LAPTOP-OBA1HVU9\Downloads,1.85 MB,2026-05-26 17:55:57
1024260_application_packet_HVHMA7R.pdf,C:\Users\default.LAPTOP-OBA1HVU9\Downloads\1024260_application_packet_HVHMA7R.pdf,C:\Users\default.LAPTOP-OBA1HVU9\Downloads,1.85 MB,2026-05-26 18:16:04
855894803 - I-20_Ozdemir_TarikErdal_N0031887345_1768416891405 (1).pdf,C:\Users\default.LAPTOP-OBA1HVU9\Downloads\855894803 - I-20_Ozdemir_TarikErdal_N0031887345_1768416891405 (1).pdf,C:\Users\default.LAPTOP-OBA1HVU9\Downloads,101.80 KB,2026-04-18 09:12:07
855894803 - I-20_Ozdemir_TarikErdal_N0031887345_1768416891405.pdf,C:\Users\default.LAPTOP-OBA1HVU9\Downloads\855894803 - I-20_Ozdemir_TarikErdal_N0031887345_1768416891405.pdf,C:\Users\default.LAPTOP-OBA1HVU9\Downloads,101.80 KB,2026-04-18 09:08:06
Appointment Confirmed - TeleGov.pdf,C:\Users\default.LAPTOP-OBA1HVU9\Downloads\Appointment Confirmed - TeleGov.pdf,C:\Users\default.LAPTOP-OBA1HVU9\Downloads,99.85 KB,2026-04-26 10:49:02
ArisettySaiGanesh_20a51a1267.pdf,C:\Users\default.LAPTOP-OBA1HVU9\Downloads\ArisettySaiGanesh_20a51a1267.pdf,C:\Users\default.LAPTOP-OBA1HVU9\Downloads,2.13 MB,2026-04-16 12:39:32
chapter9.pdf,C:\Users\default.LAPTOP-OBA1HVU9\Downloads\chapter9.pdf,C:\Users\default.LAPTOP-OBA1HVU9\Downloads,457.06 KB,2026-04-13 13:29:55
Context_in_Artificial_Intelligence_I_A_Survey_of_t.pdf,C:\Users\default.LAPTOP-OBA1HVU9\Downloads\Context_in_Artificial_Intelligence_I_A_Survey_of_t.pdf,C:\Users\default.LAPTOP-OBA1HVU9\Downloads,51.04 KB,2026-04-15 17:25:12
CS 3352 Lab 5.pdf,C:\Users\default.LAPTOP-OBA1HVU9\Downloads\CS 3352 Lab 5.pdf,C:\Users\default.LAPTOP-OBA1HVU9\Downloads,120.36 KB,2026-04-05 17:00:54
CS 3352 Lab 6 (1).pdf,C:\Users\default.LAPTOP-OBA1HVU9\Downloads\CS 3352 Lab 6 (1).pdf,C:\Users\default.LAPTOP-OBA1HVU9\Downloads,149.43 KB,2026-04-06 15:21:50
CS 3352 Lab 6.pdf,C:\Users\default.LAPTOP-OBA1HVU9\Downloads\CS 3352 Lab 6.pdf,C:\Users\default.LAPTOP-OBA1HVU9\Downloads,149.43 KB,2026-04-05 22:45:13
CS3800 - Final Sample Questions.pdf,C:\Users\default.LAPTOP-OBA1HVU9\Downloads\CS3800 - Final Sample Questions.pdf,C:\Users\default.LAPTOP-OBA1HVU9\Downloads,36.90 KB,2026-05-10 23:18:50
EstimatedRTT = (0.pdf,C:\Users\default.LAPTOP-OBA1HVU9\Downloads\EstimatedRTT = (0.pdf,C:\Users\default.LAPTOP-OBA1HVU9\Downloads,25.77 KB,2026-03-24 17:26:16
Federal_W4 (1).pdf,C:\Users\default.LAPTOP-OBA1HVU9\Downloads\Federal_W4 (1).pdf,C:\Users\default.LAPTOP-OBA1HVU9\Downloads,77.41 KB,2026-05-28 11:53:58
Federal_W4 (2).pdf,C:\Users\default.LAPTOP-OBA1HVU9\Downloads\Federal_W4 (2).pdf,C:\Users\default.LAPTOP-OBA1HVU9\Downloads,77.41 KB,2026-05-28 11:54:38
Federal_W4.pdf,C:\Users\default.LAPTOP-OBA1HVU9\Downloads\Federal_W4.pdf,C:\Users\default.LAPTOP-OBA1HVU9\Downloads,77.41 KB,2026-05-28 11:53:40
Final sample questions (1).pdf,C:\Users\default.LAPTOP-OBA1HVU9\Downloads\Final sample questions (1).pdf,C:\Users\default.LAPTOP-OBA1HVU9\Downloads,289.40 KB,2026-05-12 11:51:50
Final sample questions (2).pdf,C:\Users\default.LAPTOP-OBA1HVU9\Downloads\Final sample questions (2).pdf,C:\Users\default.LAPTOP-OBA1HVU9\Downloads,289.40 KB,2026-05-12 11:51:52
Final sample questions (3).pdf,C:\Users\default.LAPTOP-OBA1HVU9\Downloads\Final sample questions (3).pdf,C:\Users\default.LAPTOP-OBA1HVU9\Downloads,289.40 KB,2026-05-12 12:55:22
Final sample questions.pdf,C:\Users\default.LAPTOP-OBA1HVU9\Downloads\Final sample questions.pdf,C:\Users\default.LAPTOP-OBA1HVU9\Downloads,289.40 KB,2026-05-12 09:41:17
I9_Acceptable_Documents.pdf,C:\Users\default.LAPTOP-OBA1HVU9\Downloads\I9_Acceptable_Documents.pdf,C:\Users\default.LAPTOP-OBA1HVU9\Downloads,83.11 KB,2026-05-26 18:12:23
IP fragmentation reassembly.pdf,C:\Users\default.LAPTOP-OBA1HVU9\Downloads\IP fragmentation reassembly.pdf,C:\Users\default.LAPTOP-OBA1HVU9\Downloads,25.98 KB,2026-04-16 17:28:26
IP+fragmentation+reassembly.pdf,C:\Users\default.LAPTOP-OBA1HVU9\Downloads\IP+fragmentation+reassembly.pdf,C:\Users\default.LAPTOP-OBA1HVU9\Downloads,25.61 KB,2026-04-28 17:39:39
Lab 10 (1).pdf,C:\Users\default.LAPTOP-OBA1HVU9\Downloads\Lab 10 (1).pdf,C:\Users\default.LAPTOP-OBA1HVU9\Downloads,146.72 KB,2026-04-27 17:30:25
Lab 10.pdf,C:\Users\default.LAPTOP-OBA1HVU9\Downloads\Lab 10.pdf,C:\Users\default.LAPTOP-OBA1HVU9\Downloads,146.72 KB,2026-04-27 16:24:07
Lab 11 (1).pdf,C:\Users\default.LAPTOP-OBA1HVU9\Downloads\Lab 11 (1).pdf,C:\Users\default.LAPTOP-OBA1HVU9\Downloads,149.85 KB,2026-05-01 17:07:01
Lab 11.pdf,C:\Users\default.LAPTOP-OBA1HVU9\Downloads\Lab 11.pdf,C:\Users\default.LAPTOP-OBA1HVU9\Downloads,149.85 KB,2026-05-01 17:06:15
Lab 12.pdf,C:\Users\default.LAPTOP-OBA1HVU9\Downloads\Lab 12.pdf,C:\Users\default.LAPTOP-OBA1HVU9\Downloads,142.49 KB,2026-05-08 11:02:46
Lab 2.pdf,C:\Users\default.LAPTOP-OBA1HVU9\Downloads\Lab 2.pdf,C:\Users\default.LAPTOP-OBA1HVU9\Downloads,256.54 KB,2026-03-29 19:29:44
Lab 4.pdf,C:\Users\default.LAPTOP-OBA1HVU9\Downloads\Lab 4.pdf,C:\Users\default.LAPTOP-OBA1HVU9\Downloads,254.32 KB,2026-05-08 16:27:25
Lab 8 (1).pdf,C:\Users\default.LAPTOP-OBA1HVU9\Downloads\Lab 8 (1).pdf,C:\Users\default.LAPTOP-OBA1HVU9\Downloads,158.71 KB,2026-04-18 15:53:07
Lab 8.pdf,C:\Users\default.LAPTOP-OBA1HVU9\Downloads\Lab 8.pdf,C:\Users\default.LAPTOP-OBA1HVU9\Downloads,158.71 KB,2026-04-18 15:52:10
Lab 9.pdf,C:\Users\default.LAPTOP-OBA1HVU9\Downloads\Lab 9.pdf,C:\Users\default.LAPTOP-OBA1HVU9\Downloads,377.15 KB,2026-04-23 15:49:38
Lab and EKG order-492831687.pdf,C:\Users\default.LAPTOP-OBA1HVU9\Downloads\Lab and EKG order-492831687.pdf,C:\Users\default.LAPTOP-OBA1HVU9\Downloads,85.34 KB,2026-07-13 09:57:52
Lab+10.pdf,C:\Users\default.LAPTOP-OBA1HVU9\Downloads\Lab+10.pdf,C:\Users\default.LAPTOP-OBA1HVU9\Downloads,144.94 KB,2026-05-08 16:31:25
Lab+11+(1).pdf,C:\Users\default.LAPTOP-OBA1HVU9\Downloads\Lab+11+(1).pdf,C:\Users\default.LAPTOP-OBA1HVU9\Downloads,147.10 KB,2026-05-08 16:31:41
Lab+12 (1).pdf,C:\Users\default.LAPTOP-OBA1HVU9\Downloads\Lab+12 (1).pdf,C:\Users\default.LAPTOP-OBA1HVU9\Downloads,140.09 KB,2026-05-08 16:33:04
Lab+12.pdf,C:\Users\default.LAPTOP-OBA1HVU9\Downloads\Lab+12.pdf,C:\Users\default.LAPTOP-OBA1HVU9\Downloads,140.09 KB,2026-05-08 16:31:50
Lab+5 (1).pdf,C:\Users\default.LAPTOP-OBA1HVU9\Downloads\Lab+5 (1).pdf,C:\Users\default.LAPTOP-OBA1HVU9\Downloads,53.79 KB,2026-05-08 16:27:59
Lab+5.pdf,C:\Users\default.LAPTOP-OBA1HVU9\Downloads\Lab+5.pdf,C:\Users\default.LAPTOP-OBA1HVU9\Downloads,53.79 KB,2026-05-08 16:27:45
Lab+6.pdf,C:\Users\default.LAPTOP-OBA1HVU9\Downloads\Lab+6.pdf,C:\Users\default.LAPTOP-OBA1HVU9\Downloads,215.00 KB,2026-05-08 16:35:07
Lab+8.pdf,C:\Users\default.LAPTOP-OBA1HVU9\Downloads\Lab+8.pdf,C:\Users\default.LAPTOP-OBA1HVU9\Downloads,156.72 KB,2026-05-08 16:31:15
Lab5 (1).pdf,C:\Users\default.LAPTOP-OBA1HVU9\Downloads\Lab5 (1).pdf,C:\Users\default.LAPTOP-OBA1HVU9\Downloads,201.34 KB,2026-04-04 13:47:46
Lab5 (2).pdf,C:\Users\default.LAPTOP-OBA1HVU9\Downloads\Lab5 (2).pdf,C:\Users\default.LAPTOP-OBA1HVU9\Downloads,201.34 KB,2026-04-05 17:04:32
Lab5 (3).pdf,C:\Users\default.LAPTOP-OBA1HVU9\Downloads\Lab5 (3).pdf,C:\Users\default.LAPTOP-OBA1HVU9\Downloads,201.34 KB,2026-04-07 10:15:39
Lab5.pdf,C:\Users\default.LAPTOP-OBA1HVU9\Downloads\Lab5.pdf,C:\Users\default.LAPTOP-OBA1HVU9\Downloads,201.34 KB,2026-04-02 16:27:11
Lab6.pdf,C:\Users\default.LAPTOP-OBA1HVU9\Downloads\Lab6.pdf,C:\Users\default.LAPTOP-OBA1HVU9\Downloads,199.96 KB,2026-04-06 15:22:07
Lab7-socket.pdf,C:\Users\default.LAPTOP-OBA1HVU9\Downloads\Lab7-socket.pdf,C:\Users\default.LAPTOP-OBA1HVU9\Downloads,56.46 KB,2026-03-31 16:54:29
network_security_key_terms.pdf,C:\Users\default.LAPTOP-OBA1HVU9\Downloads\network_security_key_terms.pdf,C:\Users\default.LAPTOP-OBA1HVU9\Downloads,2.54 KB,2026-05-04 13:05:27
Passport new-1.pdf,C:\Users\default.LAPTOP-OBA1HVU9\Downloads\Passport new-1.pdf,C:\Users\default.LAPTOP-OBA1HVU9\Downloads,285.40 KB,2026-05-19 15:44:37
Payment conformation.pdf,C:\Users\default.LAPTOP-OBA1HVU9\Downloads\Payment conformation.pdf,C:\Users\default.LAPTOP-OBA1HVU9\Downloads,271.94 KB,2026-05-20 11:49:12
tevhidname-mealli.pdf,C:\Users\default.LAPTOP-OBA1HVU9\Downloads\tevhidname-mealli.pdf,C:\Users\default.LAPTOP-OBA1HVU9\Downloads,1.38 MB,2026-05-17 16:35:08
Transcript_TARIKOZDEMIR.pdf,C:\Users\default.LAPTOP-OBA1HVU9\Downloads\Transcript_TARIKOZDEMIR.pdf,C:\Users\default.LAPTOP-OBA1HVU9\Downloads,222.89 KB,2026-05-19 19:08:34
UDPserver_lab5.pdf,C:\Users\default.LAPTOP-OBA1HVU9\Downloads\UDPserver_lab5.pdf,C:\Users\default.LAPTOP-OBA1HVU9\Downloads,30.79 KB,2026-05-08 16:28:17
Untitled document (1).pdf,C:\Users\default.LAPTOP-OBA1HVU9\Downloads\Untitled document (1).pdf,C:\Users\default.LAPTOP-OBA1HVU9\Downloads,94.45 KB,2026-08-04 14:16:41
Untitled document.pdf,C:\Users\default.LAPTOP-OBA1HVU9\Downloads\Untitled document.pdf,C:\Users\default.LAPTOP-OBA1HVU9\Downloads,142.50 KB,2026-05-08 11:01:47
Untitled documQ. TCP Reno (04_15 in-class question).pdf,C:\Users\default.LAPTOP-OBA1HVU9\Downloads\Untitled documQ. TCP Reno (04_15 in-class question).pdf,C:\Users\default.LAPTOP-OBA1HVU9\Downloads,24.67 KB,2026-04-07 17:33:17
What Would You Do_ 1.pdf,C:\Users\default.LAPTOP-OBA1HVU9\Downloads\What Would You Do_ 1.pdf,C:\Users\default.LAPTOP-OBA1HVU9\Downloads,39.36 KB,2026-05-13 11:40:05
What Would You Do_ 2.pdf,C:\Users\default.LAPTOP-OBA1HVU9\Downloads\What Would You Do_ 2.pdf,C:\Users\default.LAPTOP-OBA1HVU9\Downloads,47.19 KB,2026-05-13 11:46:24
What Would You Do_ 3 (1).pdf,C:\Users\default.LAPTOP-OBA1HVU9\Downloads\What Would You Do_ 3 (1).pdf,C:\Users\default.LAPTOP-OBA1HVU9\Downloads,51.03 KB,2026-05-13 11:52:36
What Would You Do_ 3.pdf,C:\Users\default.LAPTOP-OBA1HVU9\Downloads\What Would You Do_ 3.pdf,C:\Users\default.LAPTOP-OBA1HVU9\Downloads,51.03 KB,2026-05-13 11:52:02
What Would You Do_ 4.pdf,C:\Users\default.LAPTOP-OBA1HVU9\Downloads\What Would You Do_ 4.pdf,C:\Users\default.LAPTOP-OBA1HVU9\Downloads,49.16 KB,2026-05-13 11:58:57
What Would You Do_ 5.pdf,C:\Users\default.LAPTOP-OBA1HVU9\Downloads\What Would You Do_ 5.pdf,C:\Users\default.LAPTOP-OBA1HVU9\Downloads,42.77 KB,2026-05-13 12:13:49
What Would You Do_ 6.pdf,C:\Users\default.LAPTOP-OBA1HVU9\Downloads\What Would You Do_ 6.pdf,C:\Users\default.LAPTOP-OBA1HVU9\Downloads,41.12 KB,2026-05-13 12:18:35
Wireshark_DNS_Lab4.pdf,C:\Users\default.LAPTOP-OBA1HVU9\Downloads\Wireshark_DNS_Lab4.pdf,C:\Users\default.LAPTOP-OBA1HVU9\Downloads,493.79 KB,2026-04-11 13:04:02
Work permit.pdf,C:\Users\default.LAPTOP-OBA1HVU9\Downloads\Work permit.pdf,C:\Users\default.LAPTOP-OBA1HVU9\Downloads,156.70 KB,2026-05-19 19:12:25
Getting started with OneDrive.pdf,C:\Users\default.LAPTOP-OBA1HVU9\OneDrive\Getting started with OneDrive.pdf,C:\Users\default.LAPTOP-OBA1HVU9\OneDrive,1.10 MB,2022-11-19 12:43:27
